[
  {
    "description": "",
    "elements": [
      {
        "description": "",
        "id": "my-organization-validations;role-creation",
        "keyword": "Scenario",
        "line": 4,
        "name": "Role Creation",
        "steps": [
          {
            "keyword": "Before",
            "hidden": true,
            "result": {
              "status": "passed",
              "duration": 654437582
            }
          },
          {
            "keyword": "Before",
            "hidden": true,
            "result": {
              "status": "passed",
              "duration": 630284436
            }
          },
          {
            "arguments": [],
            "keyword": "Given ",
            "line": 5,
            "name": "User navigate to the login page",
            "match": {
              "location": "step_definitions/login.steps.js:19"
            },
            "result": {
              "status": "passed",
              "duration": 1988009707
            }
          },
          {
            "arguments": [],
            "keyword": "When ",
            "line": 6,
            "name": "User login with valid credentials and successful login",
            "match": {
              "location": "step_definitions/login.steps.js:23"
            },
            "result": {
              "status": "passed",
              "duration": 5056883676
            }
          },
          {
            "arguments": [],
            "keyword": "And ",
            "line": 7,
            "name": "User switches to My Organization tab",
            "match": {
              "location": "step_definitions/myOrg.steps.js:31"
            },
            "result": {
              "status": "passed",
              "duration": 204260995
            }
          },
          {
            "arguments": [],
            "keyword": "And ",
            "line": 8,
            "name": "User allows location access",
            "match": {
              "location": "step_definitions/myOrg.steps.js:41"
            },
            "result": {
              "status": "passed",
              "duration": 2063907917
            }
          },
          {
            "arguments": [],
            "keyword": "And ",
            "line": 9,
            "name": "User clicks on Role tab",
            "match": {
              "location": "step_definitions/myOrg.steps.js:36"
            },
            "result": {
              "status": "passed",
              "duration": 76184895
            }
          },
          {
            "arguments": [],
            "keyword": "And ",
            "line": 10,
            "name": "User clicks on New Role button",
            "match": {
              "location": "step_definitions/myOrg.steps.js:46"
            },
            "result": {
              "status": "passed",
              "duration": 2170049759
            }
          },
          {
            "arguments": [],
            "keyword": "Then ",
            "line": 11,
            "name": "User should see the role creation form and fill in the details",
            "match": {
              "location": "step_definitions/myOrg.steps.js:51"
            },
            "result": {
              "status": "passed",
              "duration": 8623478800
            }
          },
          {
            "keyword": "After",
            "hidden": true,
            "result": {
              "status": "passed",
              "duration": 145655741
            }
          },
          {
            "keyword": "After",
            "hidden": true,
            "result": {
              "status": "passed",
              "duration": 143126947
            }
          }
        ],
        "tags": [
          {
            "name": "@org_validations",
            "line": 1
          }
        ],
        "type": "scenario"
      },
      {
        "description": "",
        "id": "my-organization-validations;team-creation",
        "keyword": "Scenario",
        "line": 14,
        "name": "Team Creation",
        "steps": [
          {
            "keyword": "Before",
            "hidden": true,
            "result": {
              "status": "passed",
              "duration": 623472455
            }
          },
          {
            "keyword": "Before",
            "hidden": true,
            "result": {
              "status": "passed",
              "duration": 669976222
            }
          },
          {
            "arguments": [],
            "keyword": "Given ",
            "line": 15,
            "name": "User navigate to the login page",
            "match": {
              "location": "step_definitions/login.steps.js:19"
            },
            "result": {
              "status": "passed",
              "duration": 2805362489
            }
          },
          {
            "arguments": [],
            "keyword": "When ",
            "line": 16,
            "name": "User login with valid credentials and successful login",
            "match": {
              "location": "step_definitions/login.steps.js:23"
            },
            "result": {
              "status": "passed",
              "duration": 5501218970
            }
          },
          {
            "arguments": [],
            "keyword": "And ",
            "line": 17,
            "name": "User switches to My Organization tab",
            "match": {
              "location": "step_definitions/myOrg.steps.js:31"
            },
            "result": {
              "status": "passed",
              "duration": 202756313
            }
          },
          {
            "arguments": [],
            "keyword": "And ",
            "line": 18,
            "name": "User allows location access",
            "match": {
              "location": "step_definitions/myOrg.steps.js:41"
            },
            "result": {
              "status": "passed",
              "duration": 2059254564
            }
          },
          {
            "arguments": [],
            "keyword": "And ",
            "line": 19,
            "name": "User clicks on Teams tab",
            "match": {
              "location": "step_definitions/myOrg.steps.js:63"
            },
            "result": {
              "status": "passed",
              "duration": 64252487
            }
          },
          {
            "arguments": [],
            "keyword": "And ",
            "line": 20,
            "name": "User clicks on Add Team button",
            "match": {
              "location": "step_definitions/myOrg.steps.js:68"
            },
            "result": {
              "status": "passed",
              "duration": 2134182517
            }
          },
          {
            "arguments": [],
            "keyword": "Then ",
            "line": 21,
            "name": "User should see the Team creation form and fill in the details",
            "match": {
              "location": "step_definitions/myOrg.steps.js:73"
            },
            "result": {
              "status": "passed",
              "duration": 6699815586
            }
          },
          {
            "keyword": "After",
            "hidden": true,
            "result": {
              "status": "passed",
              "duration": 140926684
            }
          },
          {
            "keyword": "After",
            "hidden": true,
            "result": {
              "status": "passed",
              "duration": 134456120
            }
          }
        ],
        "tags": [
          {
            "name": "@org_validations",
            "line": 1
          },
          {
            "name": "@teamCreation",
            "line": 13
          }
        ],
        "type": "scenario"
      }
    ],
    "id": "my-organization-validations",
    "line": 2,
    "keyword": "Feature",
    "name": "My Organization validations",
    "tags": [
      {
        "name": "@org_validations",
        "line": 1
      }
    ],
    "uri": "features/MyOrg.feature"
  }
]