[
  {
    "description": "",
    "elements": [
      {
        "description": "",
        "id": "login-functionality;login-with-invalid-credentials",
        "keyword": "Scenario",
        "line": 10,
        "name": "Login with invalid credentials",
        "steps": [
          {
            "keyword": "Before",
            "hidden": true,
            "result": {
              "status": "passed",
              "duration": 714617141
            }
          },
          {
            "arguments": [],
            "keyword": "Given ",
            "line": 11,
            "name": "I navigate to the login page",
            "match": {
              "location": "step_definitions/login.steps.js:19"
            },
            "result": {
              "status": "passed",
              "duration": 1920117176
            }
          },
          {
            "arguments": [],
            "keyword": "Then ",
            "line": 12,
            "name": "I login with invalid credentials",
            "match": {
              "location": "step_definitions/login.steps.js:27"
            },
            "result": {
              "status": "passed",
              "duration": 1183956072
            }
          },
          {
            "keyword": "After",
            "hidden": true,
            "result": {
              "status": "passed",
              "duration": 163591725
            }
          }
        ],
        "tags": [
          {
            "name": "@login",
            "line": 1
          },
          {
            "name": "@invalid",
            "line": 9
          }
        ],
        "type": "scenario"
      }
    ],
    "id": "login-functionality",
    "line": 2,
    "keyword": "Feature",
    "name": "Login functionality",
    "tags": [
      {
        "name": "@login",
        "line": 1
      }
    ],
    "uri": "features/login.feature"
  }
]